RMSE,MAE,R2,Correlation
0.0716307,0.009271901,0.42184427,0.6622391410028451
