epoch,train_loss,valid_loss,learning_rate
8,0.01576868921733371,0.00017712735916575184,0.001
9,0.01567656950776129,0.00023663730341165015,0.001
10,0.01559627686818001,0.0001268121654902643,0.001
11,0.015545798407078513,0.00013507267855554042,0.001
12,0.015454972048205996,0.0001320568429340104,0.001
