Metric,Value
Average RMSE,0.0787791833281517
Average MAE,0.013626561500132084
Average Correlation,0.5909052314988442
Average Confidence (%),97.7479019165039
Average Uncertainty,0.022782836109399796
